sha	type	size	export	restore
0544383356c2bd22809860725dda866dce82bc08	commit	1649	patches/lost-found/commits/0544383356c2bd22809860725dda866dce82bc08.patch	git apply --index patches/lost-found/commits/0544383356c2bd22809860725dda866dce82bc08.patch
054e2fd223a6eb389dfdf5605716e7b28a60afbe	commit	1201	patches/lost-found/commits/054e2fd223a6eb389dfdf5605716e7b28a60afbe.patch	git apply --index patches/lost-found/commits/054e2fd223a6eb389dfdf5605716e7b28a60afbe.patch
17173478f3e04baa48202831a40947e377832bba	commit	1655	patches/lost-found/commits/17173478f3e04baa48202831a40947e377832bba.patch	git apply --index patches/lost-found/commits/17173478f3e04baa48202831a40947e377832bba.patch
3053f6e8127a7f541094e382c91b5bf59d16afa4	commit	1581	patches/lost-found/commits/3053f6e8127a7f541094e382c91b5bf59d16afa4.patch	git apply --index patches/lost-found/commits/3053f6e8127a7f541094e382c91b5bf59d16afa4.patch
488c920b4fa3e17aa9b5928b11ce740dfa6f59ed	commit	1683	patches/lost-found/commits/488c920b4fa3e17aa9b5928b11ce740dfa6f59ed.patch	git apply --index patches/lost-found/commits/488c920b4fa3e17aa9b5928b11ce740dfa6f59ed.patch
66d94875edd635e605dea496f7f3bc8899792773	commit	1604	patches/lost-found/commits/66d94875edd635e605dea496f7f3bc8899792773.patch	git apply --index patches/lost-found/commits/66d94875edd635e605dea496f7f3bc8899792773.patch
69a30692c75e9bf40fc6fc2f2b3f50a30f190a41	commit	1587	patches/lost-found/commits/69a30692c75e9bf40fc6fc2f2b3f50a30f190a41.patch	git apply --index patches/lost-found/commits/69a30692c75e9bf40fc6fc2f2b3f50a30f190a41.patch
73b067c747fdf167e0ac868d220cb549371e0f94	commit	313	patches/lost-found/commits/73b067c747fdf167e0ac868d220cb549371e0f94.patch	git apply --index patches/lost-found/commits/73b067c747fdf167e0ac868d220cb549371e0f94.patch
7f2e78ba4df2f7091c247155fc5aeecaa73a486d	commit	1181	patches/lost-found/commits/7f2e78ba4df2f7091c247155fc5aeecaa73a486d.patch	git apply --index patches/lost-found/commits/7f2e78ba4df2f7091c247155fc5aeecaa73a486d.patch
91e94afbf111aa76e5e7a552bf5df603f7acb124	commit	1592	patches/lost-found/commits/91e94afbf111aa76e5e7a552bf5df603f7acb124.patch	git apply --index patches/lost-found/commits/91e94afbf111aa76e5e7a552bf5df603f7acb124.patch
bb2864de462b3a5edbcea340fb4be4cdc1977f2c	commit	29281	patches/lost-found/commits/bb2864de462b3a5edbcea340fb4be4cdc1977f2c.patch	git apply --index patches/lost-found/commits/bb2864de462b3a5edbcea340fb4be4cdc1977f2c.patch
c551338214f4863f41c43b508077e1f727a8c833	commit	1553	patches/lost-found/commits/c551338214f4863f41c43b508077e1f727a8c833.patch	git apply --index patches/lost-found/commits/c551338214f4863f41c43b508077e1f727a8c833.patch
c9f9b29825275dc7a9f0d94f8f2fd85ef50c4541	commit	309	patches/lost-found/commits/c9f9b29825275dc7a9f0d94f8f2fd85ef50c4541.patch	git apply --index patches/lost-found/commits/c9f9b29825275dc7a9f0d94f8f2fd85ef50c4541.patch
ebe5c1f0ef276c538e317a426fc8fb9b3edbc57e	commit	312	patches/lost-found/commits/ebe5c1f0ef276c538e317a426fc8fb9b3edbc57e.patch	git apply --index patches/lost-found/commits/ebe5c1f0ef276c538e317a426fc8fb9b3edbc57e.patch
23e4c5baf4aad8cebf67ef4bd83b9508f915eb2e	blob	88111	patches/lost-found/objects/23e4c5baf4aad8cebf67ef4bd83b9508f915eb2e.blob	git hash-object -w patches/lost-found/objects/23e4c5baf4aad8cebf67ef4bd83b9508f915eb2e.blob
2c977d49633d7b94df66a4944324d42d11b632c7	blob	53424	patches/lost-found/objects/2c977d49633d7b94df66a4944324d42d11b632c7.blob	git hash-object -w patches/lost-found/objects/2c977d49633d7b94df66a4944324d42d11b632c7.blob
31cb4514db39379cfa951d1b1fc6ad89195165c0	blob	35332	patches/lost-found/objects/31cb4514db39379cfa951d1b1fc6ad89195165c0.blob	git hash-object -w patches/lost-found/objects/31cb4514db39379cfa951d1b1fc6ad89195165c0.blob
3a936375fd4e63f110d9dff95d0f6028fa1f9144	blob	43548	patches/lost-found/objects/3a936375fd4e63f110d9dff95d0f6028fa1f9144.blob	git hash-object -w patches/lost-found/objects/3a936375fd4e63f110d9dff95d0f6028fa1f9144.blob
3e5d6abd20e0f1db45fcf12a3179fd9e3392b795	tree	2211	patches/lost-found/objects/3e5d6abd20e0f1db45fcf12a3179fd9e3392b795.tree	inspect patches/lost-found/objects/3e5d6abd20e0f1db45fcf12a3179fd9e3392b795.tree
4f32e05cd3b8c73e6c150b726a02ccc367b508c6	blob	88119	patches/lost-found/objects/4f32e05cd3b8c73e6c150b726a02ccc367b508c6.blob	git hash-object -w patches/lost-found/objects/4f32e05cd3b8c73e6c150b726a02ccc367b508c6.blob
58cfe91f341f4c659e9253303c29106590c5ab18	tree	1845	patches/lost-found/objects/58cfe91f341f4c659e9253303c29106590c5ab18.tree	inspect patches/lost-found/objects/58cfe91f341f4c659e9253303c29106590c5ab18.tree
5cb634478cd4183379a8c686805b3fc12e3c79d6	blob	25838	patches/lost-found/objects/5cb634478cd4183379a8c686805b3fc12e3c79d6.blob	git hash-object -w patches/lost-found/objects/5cb634478cd4183379a8c686805b3fc12e3c79d6.blob
5f3edc75b244552fbd883c4ebd986186be1a4ca7	blob	9590	patches/lost-found/objects/5f3edc75b244552fbd883c4ebd986186be1a4ca7.blob	git hash-object -w patches/lost-found/objects/5f3edc75b244552fbd883c4ebd986186be1a4ca7.blob
606b592c60b81607e3244f3dae023e1018686a20	blob	11919	patches/lost-found/objects/606b592c60b81607e3244f3dae023e1018686a20.blob	git hash-object -w patches/lost-found/objects/606b592c60b81607e3244f3dae023e1018686a20.blob
6c70340b7e0cefaa2644918cad9bc017fe45ea92	blob	102048	patches/lost-found/objects/6c70340b7e0cefaa2644918cad9bc017fe45ea92.blob	git hash-object -w patches/lost-found/objects/6c70340b7e0cefaa2644918cad9bc017fe45ea92.blob
7f9ef2cc680b791e580dda648861d5194b3ccd26	blob	8834	patches/lost-found/objects/7f9ef2cc680b791e580dda648861d5194b3ccd26.blob	git hash-object -w patches/lost-found/objects/7f9ef2cc680b791e580dda648861d5194b3ccd26.blob
8558a6f419838c923ddecbdea1563498a66387a3	blob	94884	patches/lost-found/objects/8558a6f419838c923ddecbdea1563498a66387a3.blob	git hash-object -w patches/lost-found/objects/8558a6f419838c923ddecbdea1563498a66387a3.blob
90c0b10f212d82a287be32f2b7adba4d691f789a	blob	11182	patches/lost-found/objects/90c0b10f212d82a287be32f2b7adba4d691f789a.blob	git hash-object -w patches/lost-found/objects/90c0b10f212d82a287be32f2b7adba4d691f789a.blob
9d596ada0d03216f70796043b4dc563dac679085	blob	33498	patches/lost-found/objects/9d596ada0d03216f70796043b4dc563dac679085.blob	git hash-object -w patches/lost-found/objects/9d596ada0d03216f70796043b4dc563dac679085.blob
a0d0f19f79f747a820684029c8760c2e7c7b4014	blob	7634	patches/lost-found/objects/a0d0f19f79f747a820684029c8760c2e7c7b4014.blob	git hash-object -w patches/lost-found/objects/a0d0f19f79f747a820684029c8760c2e7c7b4014.blob
b23911de37b65c791a8bed0b113cb9b97893c0a6	blob	31575	patches/lost-found/objects/b23911de37b65c791a8bed0b113cb9b97893c0a6.blob	git hash-object -w patches/lost-found/objects/b23911de37b65c791a8bed0b113cb9b97893c0a6.blob
b7d6e94651ec60e1aa7fd851cb866ef1fda24777	tree	1845	patches/lost-found/objects/b7d6e94651ec60e1aa7fd851cb866ef1fda24777.tree	inspect patches/lost-found/objects/b7d6e94651ec60e1aa7fd851cb866ef1fda24777.tree
d009f02e722d8fcbd28746e0d8c5bee3677d8d71	blob	376080	patches/lost-found/objects/d009f02e722d8fcbd28746e0d8c5bee3677d8d71.blob	git hash-object -w patches/lost-found/objects/d009f02e722d8fcbd28746e0d8c5bee3677d8d71.blob
d26668c433daa6a799839292716cae5a9f2bfb1b	blob	31177	patches/lost-found/objects/d26668c433daa6a799839292716cae5a9f2bfb1b.blob	git hash-object -w patches/lost-found/objects/d26668c433daa6a799839292716cae5a9f2bfb1b.blob
d9811cc0009822af7987ecf950264c0bab7d2e99	blob	6377	patches/lost-found/objects/d9811cc0009822af7987ecf950264c0bab7d2e99.blob	git hash-object -w patches/lost-found/objects/d9811cc0009822af7987ecf950264c0bab7d2e99.blob
da0205452904ada3884138fbe18dedc414561be8	blob	121749	patches/lost-found/objects/da0205452904ada3884138fbe18dedc414561be8.blob	git hash-object -w patches/lost-found/objects/da0205452904ada3884138fbe18dedc414561be8.blob
de057f4d9d4cda4f477327bbdb317229f72218b6	blob	31149	patches/lost-found/objects/de057f4d9d4cda4f477327bbdb317229f72218b6.blob	git hash-object -w patches/lost-found/objects/de057f4d9d4cda4f477327bbdb317229f72218b6.blob
df75f7cfa03cbf8099e262b83fb6be6b388e715b	blob	428535	patches/lost-found/objects/df75f7cfa03cbf8099e262b83fb6be6b388e715b.blob	git hash-object -w patches/lost-found/objects/df75f7cfa03cbf8099e262b83fb6be6b388e715b.blob
e0198023f4a97d31c256a7e8a7fb62a39898075c	blob	428475	patches/lost-found/objects/e0198023f4a97d31c256a7e8a7fb62a39898075c.blob	git hash-object -w patches/lost-found/objects/e0198023f4a97d31c256a7e8a7fb62a39898075c.blob
e96b9d900f82f1ed9647a5dad4611bb47dc610ab	tree	1923	patches/lost-found/objects/e96b9d900f82f1ed9647a5dad4611bb47dc610ab.tree	inspect patches/lost-found/objects/e96b9d900f82f1ed9647a5dad4611bb47dc610ab.tree
eb0560ad9616bed26c76c534cfab535eb8d0974f	blob	35341	patches/lost-found/objects/eb0560ad9616bed26c76c534cfab535eb8d0974f.blob	git hash-object -w patches/lost-found/objects/eb0560ad9616bed26c76c534cfab535eb8d0974f.blob
f2ba9bc8f2f241aaafde93c68f6c3a3c7576e590	tree	1695	patches/lost-found/objects/f2ba9bc8f2f241aaafde93c68f6c3a3c7576e590.tree	inspect patches/lost-found/objects/f2ba9bc8f2f241aaafde93c68f6c3a3c7576e590.tree
f762c06e079b757022d3fdcbe4abed0989227066	blob	28913	patches/lost-found/objects/f762c06e079b757022d3fdcbe4abed0989227066.blob	git hash-object -w patches/lost-found/objects/f762c06e079b757022d3fdcbe4abed0989227066.blob
